{
	"credit": "Made with Blockbench",
	"texture_size": [32, 32],
	"textures": {
		"0": "irons_spellbooks:item/3d/3d_copper_spell_book",
		"particle": "irons_spellbooks:item/3d/3d_copper_spell_book"
	},
	"elements": [
		{
			"name": "book cover",
			"from": [9.5, 0, 5],
			"to": [9.7, 10, 11],
			"faces": {
				"north": {"uv": [4, 10, 4.25, 15], "texture": "#0"},
				"east": {"uv": [0, 5, 3, 10], "texture": "#0"},
				"south": {"uv": [4.5, 10, 4.75, 15], "texture": "#0"},
				"west": {"uv": [3, 0, 6, 5], "texture": "#0"},
				"up": {"uv": [6.75, 13, 6.5, 10], "texture": "#0"},
				"down": {"uv": [6.75, 10, 6.5, 13], "texture": "#0"}
			}
		},
		{
			"name": "book cover",
			"from": [8, 0, 5],
			"to": [8.2, 10, 11],
			"faces": {
				"north": {"uv": [4, 10, 4.25, 15], "texture": "#0"},
				"east": {"uv": [0, 5, 3, 10], "texture": "#0"},
				"south": {"uv": [4.5, 10, 4.75, 15], "texture": "#0"},
				"west": {"uv": [3, 0, 6, 5], "texture": "#0"},
				"up": {"uv": [6.75, 13, 6.5, 10], "texture": "#0"},
				"down": {"uv": [6.75, 10, 6.5, 13], "texture": "#0"}
			}
		},
		{
			"name": "mid",
			"from": [8.2, 0, 5],
			"to": [9.7, 10, 5.3],
			"faces": {
				"north": {"uv": [9, 0, 10, 5], "texture": "#0"},
				"east": {"uv": [5, 10, 5.25, 15], "texture": "#0"},
				"south": {"uv": [9, 0, 10, 5], "texture": "#0"},
				"west": {"uv": [10, 5, 10.25, 10], "texture": "#0"},
				"up": {"uv": [12, 2.75, 11, 2.5], "texture": "#0"},
				"down": {"uv": [12, 2.5, 11, 2.75], "texture": "#0"}
			}
		},
		{
			"name": "paper",
			"from": [8.2, 0.2, 5.3],
			"to": [9.5, 9.8, 10.8],
			"faces": {
				"north": {"uv": [10, 0, 11, 4.75], "texture": "#0"},
				"east": {"uv": [6, 5, 8.75, 9.75], "texture": "#0"},
				"south": {"uv": [10, 0, 11, 4.75], "texture": "#0"},
				"west": {"uv": [6, 5, 8.75, 9.75], "texture": "#0"},
				"up": {"uv": [2, 12.75, 1, 10], "texture": "#0"},
				"down": {"uv": [2, 10, 1, 12.75], "texture": "#0"}
			}
		},
		{
			"name": "clock_01",
			"from": [7.8, 9, 4.8],
			"to": [9.9, 9.5, 5.8],
			"faces": {
				"north": {"uv": [10.5, 8.5, 11.75, 8.75], "texture": "#0"},
				"east": {"uv": [11, 3, 11.5, 3.25], "texture": "#0"},
				"south": {"uv": [9, 10.5, 10.25, 10.75], "texture": "#0"},
				"west": {"uv": [11, 3.5, 11.5, 3.75], "texture": "#0"},
				"up": {"uv": [8.75, 10.5, 7.5, 10], "texture": "#0"},
				"down": {"uv": [10.25, 10, 9, 10.5], "texture": "#0"}
			}
		},
		{
			"name": "clock_02",
			"from": [7.8, 7, 4.8],
			"to": [9.9, 7.5, 5.8],
			"faces": {
				"north": {"uv": [11, 1, 12.25, 1.25], "texture": "#0"},
				"east": {"uv": [9.5, 11, 10, 11.25], "texture": "#0"},
				"south": {"uv": [11, 1.5, 12.25, 1.75], "texture": "#0"},
				"west": {"uv": [10, 11, 10.5, 11.25], "texture": "#0"},
				"up": {"uv": [11.75, 8, 10.5, 7.5], "texture": "#0"},
				"down": {"uv": [11.75, 8, 10.5, 8.5], "texture": "#0"}
			}
		},
		{
			"name": "clock_03",
			"from": [7.8, 5, 4.8],
			"to": [9.9, 5.5, 5.8],
			"faces": {
				"north": {"uv": [10.5, 7.5, 11.75, 7.75], "texture": "#0"},
				"east": {"uv": [11, 3.5, 11.5, 3.75], "texture": "#0"},
				"south": {"uv": [10.5, 8, 11.75, 8.25], "texture": "#0"},
				"west": {"uv": [11, 3.5, 11.5, 3.75], "texture": "#0"},
				"up": {"uv": [11.75, 8.75, 10.5, 8.25], "texture": "#0"},
				"down": {"uv": [11.75, 7.75, 10.5, 8.25], "texture": "#0"}
			}
		},
		{
			"name": "clock_04",
			"from": [7.8, 3, 4.8],
			"to": [9.9, 3.5, 5.8],
			"faces": {
				"north": {"uv": [10.5, 7.75, 11.75, 8], "texture": "#0"},
				"east": {"uv": [11.25, 7.5, 11.75, 7.75], "texture": "#0"},
				"south": {"uv": [10.5, 7.75, 11.75, 8], "texture": "#0"},
				"west": {"uv": [10.75, 8.5, 11.25, 8.75], "texture": "#0"},
				"up": {"uv": [11.75, 8.5, 10.5, 8], "texture": "#0"},
				"down": {"uv": [11.75, 8.25, 10.5, 8.75], "texture": "#0"}
			}
		},
		{
			"name": "clock_05",
			"from": [7.8, 1, 4.8],
			"to": [9.9, 1.5, 5.8],
			"faces": {
				"north": {"uv": [10.5, 8, 11.75, 8.25], "texture": "#0"},
				"east": {"uv": [11, 7.75, 11.5, 8], "texture": "#0"},
				"south": {"uv": [10.5, 7.75, 11.75, 8], "texture": "#0"},
				"west": {"uv": [11, 8.25, 11.5, 8.5], "texture": "#0"},
				"up": {"uv": [11.75, 8, 10.5, 7.5], "texture": "#0"},
				"down": {"uv": [11.75, 8.25, 10.5, 8.75], "texture": "#0"}
			}
		}
	],
	"display": {
		"thirdperson_righthand": {
			"rotation": [0, -180, 0],
			"translation": [1.25, 1.25, -0.75]
		},
		"thirdperson_lefthand": {
			"rotation": [0, 180, 0],
			"translation": [-1.25, 1.25, -0.75]
		},
		"firstperson_righthand": {
			"rotation": [0, 40, 0],
			"translation": [0, 5, 0]
		},
		"firstperson_lefthand": {
			"rotation": [0, 40, 0],
			"translation": [0, 5, 0]
		},
		"ground": {
			"rotation": [85, -50, 85],
			"translation": [0, 4, 0]
		},
		"gui": {
			"rotation": [-90, 130, 90],
			"translation": [2.5, 3, 0],
			"scale": [1.2, 1.2, 1.2]
		},
		"head": {
			"rotation": [90, 90, 90],
			"translation": [0.25, 8.5, -1.5]
		},
		"fixed": {
			"rotation": [-90, 0, 180],
			"translation": [1, -4, 4],
			"scale": [1.2, 1.2, 1.2]
		}
	},
	"groups": [
		0,
		1,
		2,
		3,
		{
			"name": "clock",
			"origin": [0, 0, 0],
			"color": 0,
			"children": [4, 5, 6, 7, 8]
		}
	]
}