{
	"credit": "Made with Blockbench",
	"texture_size": [32, 32],
	"textures": {
		"1": "irons_spellbooks:item/3d/3d_dragonskin_spell_book"
	},
	"elements": [
		{
			"name": "book cover",
			"from": [11, 0, 5],
			"to": [11.2, 10, 11],
			"faces": {
				"north": {"uv": [6.5, 0, 6.75, 5], "texture": "#1"},
				"east": {"uv": [0, 0, 3, 5], "texture": "#1"},
				"south": {"uv": [6.75, 0, 7, 5], "texture": "#1"},
				"west": {"uv": [3, 0, 6, 5], "texture": "#1"},
				"up": {"uv": [8, 3, 7.75, 0], "texture": "#1"},
				"down": {"uv": [7.75, 0, 7.5, 3], "texture": "#1"}
			}
		},
		{
			"name": "book cover",
			"from": [8, 0, 5],
			"to": [8.2, 10, 11],
			"faces": {
				"north": {"uv": [6, 0, 6.25, 5], "texture": "#1"},
				"east": {"uv": [3, 0, 6, 5], "texture": "#1"},
				"south": {"uv": [6.25, 0, 6.5, 5], "texture": "#1"},
				"west": {"uv": [3, 0, 0, 5], "texture": "#1"},
				"up": {"uv": [7.25, 3, 7.5, 0], "texture": "#1"},
				"down": {"uv": [7.25, 0, 7, 3], "texture": "#1"}
			}
		},
		{
			"name": "mid",
			"from": [8.2, 0, 5],
			"to": [11, 10, 5.3],
			"faces": {
				"north": {"uv": [8, 0.25, 9.5, 5.25], "texture": "#1"},
				"east": {"uv": [9.5, 0.25, 9.75, 5.25], "texture": "#1"},
				"south": {"uv": [8, 0.25, 9.5, 5.25], "texture": "#1"},
				"west": {"uv": [9.5, 0.25, 9.75, 5.25], "texture": "#1"},
				"up": {"uv": [9.5, 5.5, 8, 5.25], "texture": "#1"},
				"down": {"uv": [9.5, 0, 8, 0.25], "texture": "#1"}
			}
		},
		{
			"name": "paper",
			"from": [8.2, 0.2, 5.3],
			"to": [11, 9.8, 10.8],
			"faces": {
				"north": {"uv": [0, 9.75, 1.5, 14.5], "texture": "#1"},
				"east": {"uv": [0, 5, 2.75, 9.75], "texture": "#1"},
				"south": {"uv": [0, 9.75, 1.5, 14.5], "texture": "#1"},
				"west": {"uv": [0, 5, 2.75, 9.75], "texture": "#1"},
				"up": {"uv": [3, 12.5, 1.5, 9.75], "texture": "#1"},
				"down": {"uv": [3, 9.75, 1.5, 12.5], "texture": "#1"}
			}
		}
	],
	"display": {
		"thirdperson_righthand": {
			"rotation": [0, -180, 0],
			"translation": [1.75, 1.25, -0.75]
		},
		"thirdperson_lefthand": {
			"rotation": [0, 180, 0],
			"translation": [-1.75, 1.25, -0.75]
		},
		"firstperson_righthand": {
			"rotation": [0, 40, 0],
			"translation": [0, 5.75, 0]
		},
		"firstperson_lefthand": {
			"rotation": [0, 40, 0],
			"translation": [0, 5, 0]
		},
		"ground": {
			"rotation": [85, -50, 85],
			"translation": [0, 4, 0]
		},
		"gui": {
			"rotation": [-90, 130, 90],
			"translation": [2.5, 3, 0],
			"scale": [1.2, 1.2, 1.2]
		},
		"head": {
			"rotation": [90, 90, 90],
			"translation": [0.25, 8.5, -1.5]
		},
		"fixed": {
			"rotation": [90, 0, 0],
			"translation": [-1.75, -4.25, 4.25],
			"scale": [1.2, 1.2, 1.2]
		}
	}
}